create table cards (
    _id VARCHAR(255),
    title VARCHAR(255),
    description VARCHAR(255),
    _created VARCHAR(255),
	_updated VARCHAR(255)
);

create table gold_price (
	_id VARCHAR(255),
	title VARCHAR(255),
	price INT,
	_created VARCHAR(255),
	_updated VARCHAR(255)
);


insert into cards (_id, title, description, _created, _updated) 
values 
	('420e72a4-7a71-4045-b29d-a5a3f8aff4bf', 'Table', 'a device with four legs and a flat surface.', '2025-01-12T07:50:32.019992+00:00', null),
	('6984c72a-6e24-4d6c-b4d5-a7e00add74ff', 'Chair', 'a seat for one person that has a back, usually four legs, and sometimes two arms.', '2025-01-12T07:50:32.019992+00:00', null),
	('13997e6d-0d5f-4841-8451-8f59886740da', 'Comb', 'a flat piece of plastic, wood, or metal with a thin row of long, narrow parts along one side, used to tidy and arrange your hair.', '2025-01-12T07:50:32.019992+00:00', null),
	('4010f0a9-0112-4c89-9b81-9698624cc7ae', 'Paper', 'thin, flat material made from crushed wood or cloth, used for writing, printing, or drawing on.', '2025-01-12T07:50:32.019992+00:00', null),
	('4010f0a9-0112-4c89-9b81-9698624cc7ab', 'Smartphone', 'A pocket-sized computer that combines a mobile phone with internet access, a camera, and various apps.', '2025-01-12T07:50:32.019992+00:00', null),
	('4010f0a9-0112-4c89-9b81-9698624cc7ac', 'Bottle', 'A container, usually made of glass or plastic, with a narrow neck for holding liquids.', '2025-01-12T07:50:32.019992+00:00', null),
	('4010f0a9-0112-4c89-9b81-9698624cc7aa', 'Monitor', 'A display device that visually presents information from a computer.', '2025-01-12T07:50:32.019992+00:00', null),
	('dbc4910d-229b-49d2-8ac6-bf76ea468a50', 'month', 'a period of about four weeks, especially one of the twelve periods into which a year is divided.', '2025-01-12T07:50:32.019992+00:00', null),
	('550ca6b1-0cad-4a11-aa02-b4d21f73e3c2', 'Piano', 'A keyboard musical instrument with 88 keys, producing sounds through hammers striking strings.', '2025-01-12T07:50:32.019992+00:00', null),
	('5d8888ad-f62e-424c-95e3-894d6fca3ed1', 'Coat', 'An outer garment worn for warmth and protection from the elements.', '2025-01-12T07:50:32.019992+00:00', null),
	('4b76d2c0-e44d-48f8-99b1-79d649ba1263', 'Shirt', 'A garment worn on the upper body, typically with sleeves.', '2025-01-12T07:50:32.019992+00:00', null),
	('a90c6adb-1832-4249-b6f0-d1911b9f0e94', 'Ruler', 'A flat, straight tool used for measuring length or drawing straight lines.', '2025-01-12T07:50:32.019992+00:00', null),
	('37f90f13-06c3-47ab-b27d-389892ab93d2', 'Pen', 'A writing instrument that uses ink to create marks on paper.', '2025-01-12T07:50:32.019992+00:00', null),
	('ddbe2885-cc6d-4058-9345-16a58da086fc', 'Window', 'An opening in a wall or vehicle that allows light and air to pass through.', '2025-01-12T07:50:32.019992+00:00', null),
	('9c9a84eb-5db0-45dd-aa60-0663d295fa21', 'Cup', 'A small, open container used for drinking, typically made of ceramic, glass, or plastic.', '2025-01-12T07:50:32.019992+00:00', null),
	('90650070-c2a8-4fdb-8338-480b2ff163b7', 'CPU', 'Brain of the computer, performs calculations.', '2025-01-12T07:50:32.019992+00:00', null)
;

-- alter table cards 
-- add _updated VARCHAR(255);
-- delete from cards;
-- select * from cards where _id = '420e72a4-7a71-4045-b29d-a5a3f8aff4bf';


select * from gold_price;

insert into gold_price (_id, price, _created, _updated) 
values 
	('635d2be4-6f1a-4f75-98ea-3956f0232005', 10780000, '2025-05-14T15:17:54.423211+00:00', '2025-05-14T15:17:54.423224+00:00'),
	('09cc37ce-ceda-426d-ad7c-e596c57355c0', 10780000, '2025-05-14T15:51:16.968321+00:00', '2025-05-14T15:51:16.968332+00:00'),
	('ffb6b78c-5685-4d71-9596-7646d74acd60', 10780000, '2025-05-14T15:51:22.368627+00:00', '2025-05-14T15:51:22.368637+00:00'),
	('000c6d5f-6976-46fd-a966-132ab0e9325d', 10780000, '2025-05-14T15:51:23.583920+00:00', '2025-05-14T15:51:23.583931+00:00'),
	('5b2bf729-2344-4a56-a25f-21c65c2c1ab2', 10780000, '2025-05-14T15:51:32.257781+00:00', '2025-05-14T15:51:32.257790+00:00'),
	('241faeb1-3a04-4d96-a5b9-5caa5060b1e5', 10780000, '2025-05-14T16:01:52.544847+00:00', '2025-05-14T16:01:52.544857+00:00'),
	('a6b60ab9-e004-4b44-af13-5743ecb35ba2', 10780000, '2025-05-14T16:01:54.322079+00:00', '2025-05-14T16:01:54.322098+00:00'),
	('8e2aa21d-d57d-47e4-a349-471d3af15885', 10780000, '2025-05-14T16:33:08.286238+00:00', '2025-05-14T16:33:08.286249+00:00'),
	('1dd0d30b-ac4d-4c5b-874d-beee2b825a6b', 10780000, '2025-05-14T16:35:11.251227+00:00', '2025-05-14T16:35:11.251238+00:00'),
	('b84e0465-6331-4913-88d0-56f3bc7277b2', 10780000, '2025-05-14T16:43:44.089716+00:00', '2025-05-14T16:43:44.089725+00:00'),
	('543a147c-2855-4bcd-9376-9b0b2e50349c', 10780000, '2025-05-14T16:50:15.182781+00:00', '2025-05-14T16:50:15.182796+00:00'),
	('0eb93f98-ba07-4bfe-9a8a-eb45432f10f9', 10780000, '2025-05-14T16:51:52.252469+00:00', '2025-05-14T16:51:52.252480+00:00'),
	('3099acd1-3119-449d-9cdf-1399e307e05b', 10780000, '2025-05-14T16:51:56.621429+00:00', '2025-05-14T16:51:56.621438+00:00'),
	('161761a8-bf86-4c1c-bb62-24d2702bdcd7', 10780000, '2025-05-14T16:51:58.848849+00:00', '2025-05-14T16:51:58.848860+00:00'),
	('bdc599f0-08eb-440e-8960-3f1cd0f73f39', 10780000, '2025-05-14T16:59:16.034303+00:00', '2025-05-14T16:59:16.034314+00:00'),
	('5b0e808f-b6d3-468d-a9f0-4278719c03eb', 10710000, '2025-05-15T02:49:24.202564+00:00', '2025-05-15T02:49:24.202600+00:00'),
	('885393ca-2613-415a-a291-9a1871afd1a6', 10660000, '2025-05-15T04:17:46.406496+00:00', '2025-05-15T04:17:46.406527+00:00'),
	('5507d365-f437-48eb-a143-e4ac64f20638', 10660000, '2025-05-15T04:18:22.210913+00:00', '2025-05-15T04:18:22.210927+00:00'),
	('bb9ca284-21be-454d-9d6e-da4a158321a4', 10660000, '2025-05-15T04:20:57.608197+00:00', '2025-05-15T04:20:57.608210+00:00'),
	('08774b62-b33d-426b-a19d-0c9b009b7f88', 10660000, '2025-05-15T04:27:16.403513+00:00', '2025-05-15T04:27:16.403529+00:00'),
	('eba69998-3078-483c-a171-d415f022c7e4', 10610000, '2025-05-15T07:30:46.292357+00:00', '2025-05-15T07:30:46.292384+00:00'),
	('eec18d96-4245-4a1a-bb94-03aa42feff60', 10610000, '2025-05-15T07:30:46.890990+00:00', '2025-05-15T07:30:46.891012+00:00'),
	('bbe0913d-70cc-449d-85cb-80cd6fce1505', 10610000, '2025-05-15T07:31:04.193758+00:00', '2025-05-15T07:31:04.193773+00:00'),
	('f6b416c9-2671-4ae2-9f61-815bec5761d1', 10630000, '2025-05-15T09:41:01.623594+00:00', '2025-05-15T09:41:01.623611+00:00'),
	('1f72b2c1-a158-441c-a380-f7db538e6551', 10840000, '2025-05-16T02:17:17.757029+00:00', '2025-05-16T02:17:17.757048+00:00'),
	('3095521f-e726-4ff6-af01-1050a8411282', 10840000, '2025-05-16T02:39:07.550869+00:00', '2025-05-16T02:39:07.550890+00:00'),
	('1067f12e-96ab-4e18-9b89-d7e09c306c7f', 10840000, '2025-05-16T02:40:11.663188+00:00', '2025-05-16T02:40:11.663208+00:00'),
	('1d82db9f-ebcf-483d-9188-51b53eafe62a', 10780000, '2025-05-16T04:02:05.791423+00:00', '2025-05-16T04:02:05.791440+00:00'),
	('c17a2e91-ad73-4b69-b252-3aa2cbcb4c52', 10780000, '2025-05-16T04:18:48.483388+00:00', '2025-05-16T04:18:48.483411+00:00'),
	('58621814-6d41-490f-9329-b4ca716188f8', 10750000, '2025-05-16T08:32:52.872374+00:00', '2025-05-16T08:32:52.872389+00:00'),
	('97366cab-7ee0-46d5-99e9-ef1575e88e7b', 10750000, '2025-05-16T08:56:13.367555+00:00', '2025-05-16T08:56:13.367585+00:00'),
	('b4075c50-8010-4044-b513-7b07fc6936d0', 10650000, '2025-05-16T15:22:08.313875+00:00', '2025-05-16T15:22:08.313887+00:00'),
	('8c5e1ef6-3c5b-468c-8030-1c79b44a7f98', 10670000, '2025-05-17T01:56:18.150979+00:00', '2025-05-17T01:56:18.150999+00:00'),
	('d585d0c9-8f09-4dd6-8390-d60d0cc16ed0', 10670000, '2025-05-17T02:45:58.389163+00:00', '2025-05-17T02:45:58.389180+00:00'),
	('95642042-b7e9-4587-b8eb-a03cfc1bca07', 10670000, '2025-05-17T04:34:45.273802+00:00', '2025-05-17T04:34:45.273832+00:00'),
	('1d667e12-b05a-482a-acd1-fd09b51f2468', 10670000, '2025-05-17T04:47:39.776686+00:00', '2025-05-17T04:47:39.776701+00:00'),
	('8c93a06b-0eb8-48cc-882d-ccb3cad8fba1', 10670000, '2025-05-17T11:27:49.470877+00:00', '2025-05-17T11:27:49.470892+00:00')
;

-- 
-- 
-- 
-- 
-- 

create table precious_metal_type (
	_id VARCHAR(255),
	name VARCHAR(255),
	description VARCHAR(255),
	_created VARCHAR(255),
	_updated VARCHAR(255)
);
insert into precious_metal_type (_id, name, description, _created, _updated) 
values 
	('14f3b6dd-6135-4b4e-a85a-a53e2ce2362e', 'Vàng Nhẫn Khâu 9999', 'Vàng Nhẫn Khâu 9999', '2025-05-14T15:17:54.423211+00:00', '2025-05-14T15:17:54.423224+00:00')
;
create table precious_metal_price (
	_id VARCHAR(255),
	type_id VARCHAR(255),
	buy_price INT,
	sell_price INT,
	_created VARCHAR(255),
	_updated VARCHAR(255)
);
-- select * from precious_metal_price;
insert into precious_metal_price (_id, type_id, buy_price, sell_price, _created, _updated) 
values 
	('635d2be4-6f1a-4f75-98ea-3956f0232005', '14f3b6dd-6135-4b4e-a85a-a53e2ce2362e', null, 10780000, '2025-05-14T15:17:54.423211+00:00', '2025-05-14T15:17:54.423224+00:00'),
	('09cc37ce-ceda-426d-ad7c-e596c57355c0', '14f3b6dd-6135-4b4e-a85a-a53e2ce2362e', null, 10780000, '2025-05-14T15:51:16.968321+00:00', '2025-05-14T15:51:16.968332+00:00'),
	('ffb6b78c-5685-4d71-9596-7646d74acd60', '14f3b6dd-6135-4b4e-a85a-a53e2ce2362e', null, 10780000, '2025-05-14T15:51:22.368627+00:00', '2025-05-14T15:51:22.368637+00:00'),
	('000c6d5f-6976-46fd-a966-132ab0e9325d', '14f3b6dd-6135-4b4e-a85a-a53e2ce2362e', null, 10780000, '2025-05-14T15:51:23.583920+00:00', '2025-05-14T15:51:23.583931+00:00'),
	('5b2bf729-2344-4a56-a25f-21c65c2c1ab2', '14f3b6dd-6135-4b4e-a85a-a53e2ce2362e', null, 10780000, '2025-05-14T15:51:32.257781+00:00', '2025-05-14T15:51:32.257790+00:00'),
	('241faeb1-3a04-4d96-a5b9-5caa5060b1e5', '14f3b6dd-6135-4b4e-a85a-a53e2ce2362e', null, 10780000, '2025-05-14T16:01:52.544847+00:00', '2025-05-14T16:01:52.544857+00:00'),
	('a6b60ab9-e004-4b44-af13-5743ecb35ba2', '14f3b6dd-6135-4b4e-a85a-a53e2ce2362e', null, 10780000, '2025-05-14T16:01:54.322079+00:00', '2025-05-14T16:01:54.322098+00:00'),
	('8e2aa21d-d57d-47e4-a349-471d3af15885', '14f3b6dd-6135-4b4e-a85a-a53e2ce2362e', null, 10780000, '2025-05-14T16:33:08.286238+00:00', '2025-05-14T16:33:08.286249+00:00'),
	('1dd0d30b-ac4d-4c5b-874d-beee2b825a6b', '14f3b6dd-6135-4b4e-a85a-a53e2ce2362e', null, 10780000, '2025-05-14T16:35:11.251227+00:00', '2025-05-14T16:35:11.251238+00:00'),
	('b84e0465-6331-4913-88d0-56f3bc7277b2', '14f3b6dd-6135-4b4e-a85a-a53e2ce2362e', null, 10780000, '2025-05-14T16:43:44.089716+00:00', '2025-05-14T16:43:44.089725+00:00'),
	('543a147c-2855-4bcd-9376-9b0b2e50349c', '14f3b6dd-6135-4b4e-a85a-a53e2ce2362e', null, 10780000, '2025-05-14T16:50:15.182781+00:00', '2025-05-14T16:50:15.182796+00:00'),
	('0eb93f98-ba07-4bfe-9a8a-eb45432f10f9', '14f3b6dd-6135-4b4e-a85a-a53e2ce2362e', null, 10780000, '2025-05-14T16:51:52.252469+00:00', '2025-05-14T16:51:52.252480+00:00'),
	('3099acd1-3119-449d-9cdf-1399e307e05b', '14f3b6dd-6135-4b4e-a85a-a53e2ce2362e', null, 10780000, '2025-05-14T16:51:56.621429+00:00', '2025-05-14T16:51:56.621438+00:00'),
	('161761a8-bf86-4c1c-bb62-24d2702bdcd7', '14f3b6dd-6135-4b4e-a85a-a53e2ce2362e', null, 10780000, '2025-05-14T16:51:58.848849+00:00', '2025-05-14T16:51:58.848860+00:00'),
	('bdc599f0-08eb-440e-8960-3f1cd0f73f39', '14f3b6dd-6135-4b4e-a85a-a53e2ce2362e', null, 10780000, '2025-05-14T16:59:16.034303+00:00', '2025-05-14T16:59:16.034314+00:00'),
	('5b0e808f-b6d3-468d-a9f0-4278719c03eb', '14f3b6dd-6135-4b4e-a85a-a53e2ce2362e', null, 10710000, '2025-05-15T02:49:24.202564+00:00', '2025-05-15T02:49:24.202600+00:00'),
	('885393ca-2613-415a-a291-9a1871afd1a6', '14f3b6dd-6135-4b4e-a85a-a53e2ce2362e', null, 10660000, '2025-05-15T04:17:46.406496+00:00', '2025-05-15T04:17:46.406527+00:00'),
	('5507d365-f437-48eb-a143-e4ac64f20638', '14f3b6dd-6135-4b4e-a85a-a53e2ce2362e', null, 10660000, '2025-05-15T04:18:22.210913+00:00', '2025-05-15T04:18:22.210927+00:00'),
	('bb9ca284-21be-454d-9d6e-da4a158321a4', '14f3b6dd-6135-4b4e-a85a-a53e2ce2362e', null, 10660000, '2025-05-15T04:20:57.608197+00:00', '2025-05-15T04:20:57.608210+00:00'),
	('08774b62-b33d-426b-a19d-0c9b009b7f88', '14f3b6dd-6135-4b4e-a85a-a53e2ce2362e', null, 10660000, '2025-05-15T04:27:16.403513+00:00', '2025-05-15T04:27:16.403529+00:00'),
	('eba69998-3078-483c-a171-d415f022c7e4', '14f3b6dd-6135-4b4e-a85a-a53e2ce2362e', null, 10610000, '2025-05-15T07:30:46.292357+00:00', '2025-05-15T07:30:46.292384+00:00'),
	('eec18d96-4245-4a1a-bb94-03aa42feff60', '14f3b6dd-6135-4b4e-a85a-a53e2ce2362e', null, 10610000, '2025-05-15T07:30:46.890990+00:00', '2025-05-15T07:30:46.891012+00:00'),
	('bbe0913d-70cc-449d-85cb-80cd6fce1505', '14f3b6dd-6135-4b4e-a85a-a53e2ce2362e', null, 10610000, '2025-05-15T07:31:04.193758+00:00', '2025-05-15T07:31:04.193773+00:00'),
	('f6b416c9-2671-4ae2-9f61-815bec5761d1', '14f3b6dd-6135-4b4e-a85a-a53e2ce2362e', null, 10630000, '2025-05-15T09:41:01.623594+00:00', '2025-05-15T09:41:01.623611+00:00'),
	('1f72b2c1-a158-441c-a380-f7db538e6551', '14f3b6dd-6135-4b4e-a85a-a53e2ce2362e', null, 10840000, '2025-05-16T02:17:17.757029+00:00', '2025-05-16T02:17:17.757048+00:00'),
	('3095521f-e726-4ff6-af01-1050a8411282', '14f3b6dd-6135-4b4e-a85a-a53e2ce2362e', null, 10840000, '2025-05-16T02:39:07.550869+00:00', '2025-05-16T02:39:07.550890+00:00'),
	('1067f12e-96ab-4e18-9b89-d7e09c306c7f', '14f3b6dd-6135-4b4e-a85a-a53e2ce2362e', null, 10840000, '2025-05-16T02:40:11.663188+00:00', '2025-05-16T02:40:11.663208+00:00'),
	('1d82db9f-ebcf-483d-9188-51b53eafe62a', '14f3b6dd-6135-4b4e-a85a-a53e2ce2362e', null, 10780000, '2025-05-16T04:02:05.791423+00:00', '2025-05-16T04:02:05.791440+00:00'),
	('c17a2e91-ad73-4b69-b252-3aa2cbcb4c52', '14f3b6dd-6135-4b4e-a85a-a53e2ce2362e', null, 10780000, '2025-05-16T04:18:48.483388+00:00', '2025-05-16T04:18:48.483411+00:00'),
	('58621814-6d41-490f-9329-b4ca716188f8', '14f3b6dd-6135-4b4e-a85a-a53e2ce2362e', null, 10750000, '2025-05-16T08:32:52.872374+00:00', '2025-05-16T08:32:52.872389+00:00'),
	('97366cab-7ee0-46d5-99e9-ef1575e88e7b', '14f3b6dd-6135-4b4e-a85a-a53e2ce2362e', null, 10750000, '2025-05-16T08:56:13.367555+00:00', '2025-05-16T08:56:13.367585+00:00'),
	('b4075c50-8010-4044-b513-7b07fc6936d0', '14f3b6dd-6135-4b4e-a85a-a53e2ce2362e', null, 10650000, '2025-05-16T15:22:08.313875+00:00', '2025-05-16T15:22:08.313887+00:00'),
	('8c5e1ef6-3c5b-468c-8030-1c79b44a7f98', '14f3b6dd-6135-4b4e-a85a-a53e2ce2362e', null, 10670000, '2025-05-17T01:56:18.150979+00:00', '2025-05-17T01:56:18.150999+00:00'),
	('d585d0c9-8f09-4dd6-8390-d60d0cc16ed0', '14f3b6dd-6135-4b4e-a85a-a53e2ce2362e', null, 10670000, '2025-05-17T02:45:58.389163+00:00', '2025-05-17T02:45:58.389180+00:00'),
	('95642042-b7e9-4587-b8eb-a03cfc1bca07', '14f3b6dd-6135-4b4e-a85a-a53e2ce2362e', null, 10670000, '2025-05-17T04:34:45.273802+00:00', '2025-05-17T04:34:45.273832+00:00'),
	('1d667e12-b05a-482a-acd1-fd09b51f2468', '14f3b6dd-6135-4b4e-a85a-a53e2ce2362e', null, 10670000, '2025-05-17T04:47:39.776686+00:00', '2025-05-17T04:47:39.776701+00:00'),
	('8c93a06b-0eb8-48cc-882d-ccb3cad8fba1', '14f3b6dd-6135-4b4e-a85a-a53e2ce2362e', null, 10670000, '2025-05-17T11:27:49.470877+00:00', '2025-05-17T11:27:49.470892+00:00')
;


select * from precious_metal_type;
select * from precious_metal_price;

drop table precious_metal_type;
drop table precious_metal_price;

select 
	precious_metal_price._id,
	precious_metal_price.type_id,
	precious_metal_type.name,
	precious_metal_price.buy_price,
	precious_metal_price.sell_price,
	precious_metal_price._created,
	precious_metal_price._updated,
from precious_metal_type join precious_metal_price
on precious_metal_type._id = precious_metal_price.type_id;